"line"	"head"	"gene"
"1"	"VNG0001H"	"VNG0001H"
"2"	"VNG0001H"	"VNG0002G"
"3"	"VNG0001H"	"VNG0003C"
"4"	"VNG0009G"	"VNG0006G"
"5"	"VNG0009G"	"VNG0008G"
"6"	"VNG0009G"	"VNG0009G"
"7"	"VNG0022H"	"VNG0022H"
"8"	"VNG0022H"	"VNG0023H"
"9"	"VNG0030H"	"VNG0030H"
"10"	"VNG0030H"	"VNG0031H"
"11"	"VNG0034H"	"VNG0033H"
"12"	"VNG0034H"	"VNG0034H"
"13"	"VNG0043H"	"VNG0043H"
"14"	"VNG0043H"	"VNG0044H"
"15"	"VNG0069H"	"VNG0069H"
"16"	"VNG0069H"	"VNG0070H"
"17"	"VNG0090G"	"VNG0086Gm"
"18"	"VNG0090G"	"VNG0090G"
"19"	"VNG0106G"	"VNG0106G"
"20"	"VNG0106G"	"VNG0107G"
"21"	"VNG0106G"	"VNG0108G"
"22"	"VNG0106G"	"VNG0110C"
"23"	"VNG0118H"	"VNG0117H"
"24"	"VNG0118H"	"VNG0118H"
"25"	"VNG0120H"	"VNG0119H"
"26"	"VNG0120H"	"VNG0120H"
"27"	"VNG0123G"	"VNG0123G"
"28"	"VNG0123G"	"VNG0124C"
"29"	"VNG0134G"	"VNG0134G"
"30"	"VNG0134G"	"VNG0136G"
"31"	"VNG0151C"	"VNG0150H"
"32"	"VNG0151C"	"VNG0151C"
"33"	"VNG0174G"	"VNG0174G"
"34"	"VNG0174G"	"VNG0175G"
"35"	"VNG0194H"	"VNG0192G"
"36"	"VNG0194H"	"VNG0194H"
"37"	"VNG0200C"	"VNG0198H"
"38"	"VNG0200C"	"VNG0199H"
"39"	"VNG0200C"	"VNG0200C"
"40"	"VNG0203C"	"VNG0204H"
"41"	"VNG0203C"	"VNG0203C"
"42"	"VNG0207H"	"VNG0207H"
"43"	"VNG0207H"	"VNG0208H"
"44"	"VNG0207H"	"VNG0209H"
"45"	"VNG0219H"	"VNG0219H"
"46"	"VNG0219H"	"VNG0220H"
"47"	"VNG0219H"	"VNG0222C"
"48"	"VNG0234C"	"VNG0233H"
"49"	"VNG0234C"	"VNG0234C"
"50"	"VNG0239C"	"VNG0237H"
"51"	"VNG0239C"	"VNG0239C"
"52"	"VNG0240a"	"VNG0243Cm"
"53"	"VNG0240a"	"VNG0240a"
"54"	"VNG0245G"	"VNG0245G"
"55"	"VNG0245G"	"VNG0247C"
"56"	"VNG0249G"	"VNG0248C"
"57"	"VNG0249G"	"VNG0249G"
"58"	"VNG0255C"	"VNG0255C"
"59"	"VNG0255C"	"VNG0256H"
"60"	"VNG0266H"	"VNG0266H"
"61"	"VNG0266H"	"VNG0267H"
"62"	"VNG0271C"	"VNG0271C"
"63"	"VNG0271C"	"VNG0272H"
"64"	"VNG0282H"	"VNG0283C"
"65"	"VNG0282H"	"VNG0282H"
"66"	"VNG0285C"	"VNG0285C"
"67"	"VNG0285C"	"VNG0286C"
"68"	"VNG0293H"	"VNG0291H"
"69"	"VNG0293H"	"VNG0293H"
"70"	"VNG0300C"	"VNG0298H"
"71"	"VNG0300C"	"VNG0300C"
"72"	"VNG0305G"	"VNG0305G"
"73"	"VNG0305G"	"VNG0307G"
"74"	"VNG0305G"	"VNG0308Gm"
"75"	"VNG0321G"	"VNG0320H"
"76"	"VNG0321G"	"VNG0321G"
"77"	"VNG0342G"	"VNG0340C"
"78"	"VNG0342G"	"VNG0342G"
"79"	"VNG0375G"	"VNG0374G"
"80"	"VNG0375G"	"VNG0375G"
"81"	"VNG0384G"	"VNG0384G"
"82"	"VNG0384G"	"VNG0386Gm"
"83"	"VNG0384G"	"VNG0387G"
"84"	"VNG0409C"	"VNG0408H"
"85"	"VNG0409C"	"VNG0409C"
"86"	"VNG0424C"	"VNG0424C"
"87"	"VNG0424C"	"VNG0425G"
"88"	"VNG0436G"	"VNG0435H"
"89"	"VNG0436G"	"VNG0436G"
"90"	"VNG0444G"	"VNG0442G"
"91"	"VNG0444G"	"VNG0444G"
"92"	"VNG0455G"	"VNG0452G"
"93"	"VNG0455G"	"VNG0453G"
"94"	"VNG0455G"	"VNG0455G"
"95"	"VNG0463C"	"VNG0462C"
"96"	"VNG0463C"	"VNG0463C"
"97"	"VNG0466C"	"VNG0465Gm"
"98"	"VNG0466C"	"VNG0466C"
"99"	"VNG0472H"	"VNG0471C"
"100"	"VNG0472H"	"VNG0472H"
"101"	"VNG0474G"	"VNG0473G"
"102"	"VNG0474G"	"VNG0474G"
"103"	"VNG0491G"	"VNG0489G"
"104"	"VNG0491G"	"VNG0491G"
"105"	"VNG0499G"	"VNG0498C"
"106"	"VNG0499G"	"VNG0499G"
"107"	"VNG0512G"	"VNG0512G"
"108"	"VNG0512G"	"VNG0514C"
"109"	"VNG0524G"	"VNG0524G"
"110"	"VNG0524G"	"VNG0525C"
"111"	"VNG0524G"	"VNG0527C"
"112"	"VNG0539C"	"VNG0537C"
"113"	"VNG0539C"	"VNG0539C"
"114"	"VNG0551G"	"VNG0546C"
"115"	"VNG0551G"	"VNG0548C"
"116"	"VNG0551G"	"VNG0549G"
"117"	"VNG0551G"	"VNG0550G"
"118"	"VNG0551G"	"VNG0551G"
"119"	"VNG0563G"	"VNG0560C"
"120"	"VNG0563G"	"VNG0562C"
"121"	"VNG0563G"	"VNG0563G"
"122"	"VNG0571C"	"VNG0565C"
"123"	"VNG0571C"	"VNG0564H"
"124"	"VNG0571C"	"VNG0566C"
"125"	"VNG0571C"	"VNG0570Hm"
"126"	"VNG0571C"	"VNG0568C"
"127"	"VNG0571C"	"VNG0571C"
"128"	"VNG0581H"	"VNG0579H"
"129"	"VNG0581H"	"VNG0581H"
"130"	"VNG0586C"	"VNG0582C"
"131"	"VNG0586C"	"VNG0583G"
"132"	"VNG0586C"	"VNG0584H"
"133"	"VNG0586C"	"VNG0585H"
"134"	"VNG0586C"	"VNG0586C"
"135"	"VNG0600C"	"VNG0598C"
"136"	"VNG0600C"	"VNG0600C"
"137"	"VNG0630G"	"VNG0629G"
"138"	"VNG0630G"	"VNG0630G"
"139"	"VNG0632G"	"VNG0632G"
"140"	"VNG0632G"	"VNG0633G"
"141"	"VNG0635G"	"VNG0635G"
"142"	"VNG0635G"	"VNG0636G"
"143"	"VNG0635G"	"VNG0637G"
"144"	"VNG0635G"	"VNG0639G"
"145"	"VNG0635G"	"VNG0640G"
"146"	"VNG0635G"	"VNG0641C"
"147"	"VNG0635G"	"VNG0642C"
"148"	"VNG0635G"	"VNG0643G"
"149"	"VNG0635G"	"VNG0646G"
"150"	"VNG0635G"	"VNG0647G"
"151"	"VNG0650C"	"VNG0650C"
"152"	"VNG0650C"	"VNG0651G"
"153"	"VNG0666G"	"VNG0666G"
"154"	"VNG0666G"	"VNG0667G"
"155"	"VNG0668C"	"VNG0668C"
"156"	"VNG0668C"	"VNG0669H"
"157"	"VNG0673G"	"VNG0673G"
"158"	"VNG0673G"	"VNG0674C"
"159"	"VNG0678G"	"VNG0676C"
"160"	"VNG0678G"	"VNG0678G"
"161"	"VNG0683C"	"VNG0683C"
"162"	"VNG0683C"	"VNG0684G"
"163"	"VNG0689G"	"VNG0689G"
"164"	"VNG0689G"	"VNG0690C"
"165"	"VNG0735G"	"VNG0735G"
"166"	"VNG0735G"	"VNG0736G"
"167"	"VNG0748G"	"VNG0745G"
"168"	"VNG0748G"	"VNG0746C"
"169"	"VNG0748G"	"VNG0748G"
"170"	"VNG0754C"	"VNG0753G"
"171"	"VNG0754C"	"VNG0754C"
"172"	"VNG0757G"	"VNG0757G"
"173"	"VNG0757G"	"VNG0758C"
"174"	"VNG0757G"	"VNG0759H"
"175"	"VNG0768H"	"VNG0768H"
"176"	"VNG0768H"	"VNG0769H"
"177"	"VNG0778C"	"VNG0777G"
"178"	"VNG0778C"	"VNG0778C"
"179"	"VNG0788H"	"VNG0787G"
"180"	"VNG0788H"	"VNG0788H"
"181"	"VNG0790G"	"VNG0789C"
"182"	"VNG0790G"	"VNG0790G"
"183"	"VNG0794G"	"VNG0793G"
"184"	"VNG0794G"	"VNG0794G"
"185"	"VNG0799C"	"VNG0799C"
"186"	"VNG0799C"	"VNG0800H"
"187"	"VNG0812G"	"VNG0812G"
"188"	"VNG0812G"	"VNG0813G"
"189"	"VNG0818C"	"VNG0818C"
"190"	"VNG0818C"	"VNG0819C"
"191"	"VNG0822C"	"VNG0821C"
"192"	"VNG0822C"	"VNG0822C"
"193"	"VNG0828H"	"VNG0828H"
"194"	"VNG0828H"	"VNG0829G"
"195"	"VNG0828H"	"VNG0830G"
"196"	"VNG0828H"	"VNG0831G"
"197"	"VNG0828H"	"VNG0832C"
"198"	"VNG0837H"	"VNG0837H"
"199"	"VNG0837H"	"VNG0838G"
"200"	"VNG0865C"	"VNG0865C"
"201"	"VNG0865C"	"VNG0867G"
"202"	"VNG0870G"	"VNG0870G"
"203"	"VNG0870G"	"VNG0872G"
"204"	"VNG0885G"	"VNG0884G"
"205"	"VNG0885G"	"VNG0885G"
"206"	"VNG0887G"	"VNG0887G"
"207"	"VNG0887G"	"VNG0889G"
"208"	"VNG0901G"	"VNG0897G"
"209"	"VNG0901G"	"VNG0898G"
"210"	"VNG0901G"	"VNG0901G"
"211"	"VNG0908G"	"VNG0908G"
"212"	"VNG0908G"	"VNG0909H"
"213"	"VNG0911H"	"VNG0911H"
"214"	"VNG0911H"	"VNG0913H"
"215"	"VNG0917G"	"VNG0916G"
"216"	"VNG0917G"	"VNG0917G"
"217"	"VNG0924G"	"VNG0920H"
"218"	"VNG0924G"	"VNG0921G"
"219"	"VNG0924G"	"VNG0923G"
"220"	"VNG0924G"	"VNG0924G"
"221"	"VNG0928G"	"VNG0927C"
"222"	"VNG0928G"	"VNG0928G"
"223"	"VNG0931G"	"VNG0931G"
"224"	"VNG0931G"	"VNG0932C"
"225"	"VNG0940Gm"	"VNG0940Gm"
"226"	"VNG0940Gm"	"VNG0941C"
"227"	"VNG0954C"	"VNG0947G"
"228"	"VNG0954C"	"VNG0949G"
"229"	"VNG0954C"	"VNG0950Gm"
"230"	"VNG0954C"	"VNG0950a"
"231"	"VNG0954C"	"VNG0953C"
"232"	"VNG0954C"	"VNG0954C"
"233"	"VNG0958G"	"VNG0955G"
"234"	"VNG0958G"	"VNG0958G"
"235"	"VNG0969H"	"VNG0967Gm"
"236"	"VNG0969H"	"VNG0969H"
"237"	"VNG0974G"	"VNG0970G"
"238"	"VNG0974G"	"VNG0971G"
"239"	"VNG0974G"	"VNG0973G"
"240"	"VNG0974G"	"VNG0974G"
"241"	"VNG1018G"	"VNG1018G"
"242"	"VNG1018G"	"VNG1020C"
"243"	"VNG1021C"	"VNG1021C"
"244"	"VNG1021C"	"VNG1023C"
"245"	"VNG1021C"	"VNG1024C"
"246"	"VNG1021C"	"VNG1025H"
"247"	"VNG1036H"	"VNG1035C"
"248"	"VNG1036H"	"VNG1036H"
"249"	"VNG1065C"	"VNG1065C"
"250"	"VNG1065C"	"VNG1066C"
"251"	"VNG1074G"	"VNG1073G"
"252"	"VNG1074G"	"VNG1074G"
"253"	"VNG1083G"	"VNG1081G"
"254"	"VNG1083G"	"VNG1083G"
"255"	"VNG1093C"	"VNG1092C"
"256"	"VNG1093C"	"VNG1093C"
"257"	"VNG1099C"	"VNG1099C"
"258"	"VNG1099C"	"VNG1100C"
"259"	"VNG1105G"	"VNG1103G"
"260"	"VNG1105G"	"VNG1104G"
"261"	"VNG1105G"	"VNG1105G"
"262"	"VNG1128G"	"VNG1125G"
"263"	"VNG1128G"	"VNG1128G"
"264"	"VNG1132G"	"VNG1132G"
"265"	"VNG1132G"	"VNG1133G"
"266"	"VNG1132G"	"VNG1134G"
"267"	"VNG1132G"	"VNG1136G"
"268"	"VNG1137G"	"VNG1137G"
"269"	"VNG1137G"	"VNG1138G"
"270"	"VNG1137G"	"VNG1139Gm"
"271"	"VNG1137G"	"VNG1140G"
"272"	"VNG1137G"	"VNG1141G"
"273"	"VNG1137G"	"VNG1142G"
"274"	"VNG1137G"	"VNG1143G"
"275"	"VNG1145G"	"VNG1145G"
"276"	"VNG1145G"	"VNG1148G"
"277"	"VNG1149Cm"	"VNG1149Cm"
"278"	"VNG1149Cm"	"VNG1150G"
"279"	"VNG1157G"	"VNG1157G"
"280"	"VNG1157G"	"VNG1158G"
"281"	"VNG1157G"	"VNG1159G"
"282"	"VNG1157G"	"VNG1160G"
"283"	"VNG1164C"	"VNG1163G"
"284"	"VNG1164C"	"VNG1164C"
"285"	"VNG1170G"	"VNG1169C"
"286"	"VNG1170G"	"VNG1170G"
"287"	"VNG1173a"	"VNG1173G"
"288"	"VNG1173a"	"VNG1173a"
"289"	"VNG1174G"	"VNG1174G"
"290"	"VNG1174G"	"VNG1176G"
"291"	"VNG1179C"	"VNG1178H"
"292"	"VNG1179C"	"VNG1179C"
"293"	"VNG1183H"	"VNG1184Gm"
"294"	"VNG1183H"	"VNG1183H"
"295"	"VNG1187G"	"VNG1187G"
"296"	"VNG1187G"	"VNG1188G"
"297"	"VNG1202C"	"VNG1201G"
"298"	"VNG1202C"	"VNG1202C"
"299"	"VNG1208G"	"VNG1208G"
"300"	"VNG1208G"	"VNG1209G"
"301"	"VNG1208G"	"VNG1211G"
"302"	"VNG1208G"	"VNG1212Gm"
"303"	"VNG1216G"	"VNG1215G"
"304"	"VNG1216G"	"VNG1216G"
"305"	"VNG1245C"	"VNG1244C"
"306"	"VNG1245C"	"VNG1245C"
"307"	"VNG1250H"	"VNG1247G"
"308"	"VNG1250H"	"VNG1249C"
"309"	"VNG1250H"	"VNG1250H"
"310"	"VNG1255C"	"VNG1252G"
"311"	"VNG1255C"	"VNG1253C"
"312"	"VNG1255C"	"VNG1255C"
"313"	"VNG1272C"	"VNG1272C"
"314"	"VNG1272C"	"VNG1273G"
"315"	"VNG1281H"	"VNG1279H"
"316"	"VNG1281H"	"VNG1280C"
"317"	"VNG1281H"	"VNG1281H"
"318"	"VNG1284G"	"VNG1283H"
"319"	"VNG1284G"	"VNG1284G"
"320"	"VNG1310G"	"VNG1306G"
"321"	"VNG1310G"	"VNG1308G"
"322"	"VNG1310G"	"VNG1309G"
"323"	"VNG1310G"	"VNG1310G"
"324"	"VNG1314H"	"VNG1314H"
"325"	"VNG1314H"	"VNG1315H"
"326"	"VNG1320G"	"VNG1320G"
"327"	"VNG1320G"	"VNG1323C"
"328"	"VNG1345H"	"VNG1345H"
"329"	"VNG1345H"	"VNG1347C"
"330"	"VNG1355H"	"VNG1353C"
"331"	"VNG1355H"	"VNG1355H"
"332"	"VNG1367G"	"VNG1366H"
"333"	"VNG1367G"	"VNG1367G"
"334"	"VNG1370G"	"VNG1370G"
"335"	"VNG1370G"	"VNG1371Gm"
"336"	"VNG1379G"	"VNG1377G"
"337"	"VNG1379G"	"VNG1379G"
"338"	"VNG1384H"	"VNG1384H"
"339"	"VNG1384H"	"VNG1385G"
"340"	"VNG1389C"	"VNG1387H"
"341"	"VNG1389C"	"VNG1388H"
"342"	"VNG1389C"	"VNG1389C"
"343"	"VNG1403H"	"VNG1401C"
"344"	"VNG1403H"	"VNG1403H"
"345"	"VNG1465G"	"VNG1464G"
"346"	"VNG1465G"	"VNG1465G"
"347"	"VNG1470G"	"VNG1470G"
"348"	"VNG1470G"	"VNG1471C"
"349"	"VNG1475C"	"VNG1475C"
"350"	"VNG1475C"	"VNG1476C"
"351"	"VNG1496G"	"VNG1494G"
"352"	"VNG1496G"	"VNG1496G"
"353"	"VNG1529G"	"VNG1529G"
"354"	"VNG1529G"	"VNG1530H"
"355"	"VNG1541G"	"VNG1541G"
"356"	"VNG1541G"	"VNG1542G"
"357"	"VNG1550G"	"VNG1550G"
"358"	"VNG1550G"	"VNG1551G"
"359"	"VNG1550G"	"VNG1553G"
"360"	"VNG1550G"	"VNG1554G"
"361"	"VNG1550G"	"VNG1555G"
"362"	"VNG1550G"	"VNG1557G"
"363"	"VNG1550G"	"VNG1558H"
"364"	"VNG1550G"	"VNG1559H"
"365"	"VNG1550G"	"VNG1561Cm"
"366"	"VNG1550G"	"VNG1562H"
"367"	"VNG1566G"	"VNG1566G"
"368"	"VNG1566G"	"VNG1567G"
"369"	"VNG1566G"	"VNG1568G"
"370"	"VNG1572C"	"VNG1572C"
"371"	"VNG1572C"	"VNG1573G"
"372"	"VNG1572C"	"VNG1574G"
"373"	"VNG1572C"	"VNG1576G"
"374"	"VNG1577C"	"VNG1577C"
"375"	"VNG1577C"	"VNG1578H"
"376"	"VNG1580H"	"VNG1580H"
"377"	"VNG1580H"	"VNG1581C"
"378"	"VNG1580H"	"VNG1582G"
"379"	"VNG1580H"	"VNG1583C"
"380"	"VNG1595C"	"VNG1592G"
"381"	"VNG1595C"	"VNG1595C"
"382"	"VNG1603G"	"VNG1601G"
"383"	"VNG1603G"	"VNG1603G"
"384"	"VNG1606G"	"VNG1605G"
"385"	"VNG1606G"	"VNG1606G"
"386"	"VNG1635G"	"VNG1632G"
"387"	"VNG1635G"	"VNG1634G"
"388"	"VNG1635G"	"VNG1635G"
"389"	"VNG1649G"	"VNG1646G"
"390"	"VNG1649G"	"VNG1647G"
"391"	"VNG1649G"	"VNG1648G"
"392"	"VNG1649G"	"VNG1649G"
"393"	"VNG1657H"	"VNG1655H"
"394"	"VNG1657H"	"VNG1657H"
"395"	"VNG1659G"	"VNG1659G"
"396"	"VNG1659G"	"VNG1660G"
"397"	"VNG1670C"	"VNG1670C"
"398"	"VNG1670C"	"VNG1672H"
"399"	"VNG1682C"	"VNG1681C"
"400"	"VNG1682C"	"VNG1682C"
"401"	"VNG1688C"	"VNG1688C"
"402"	"VNG1688C"	"VNG1689G"
"403"	"VNG1688C"	"VNG1690G"
"404"	"VNG1688C"	"VNG1691G"
"405"	"VNG1688C"	"VNG1692G"
"406"	"VNG1688C"	"VNG1693G"
"407"	"VNG1688C"	"VNG1695G"
"408"	"VNG1688C"	"VNG1697G"
"409"	"VNG1688C"	"VNG1698G"
"410"	"VNG1688C"	"VNG1699C"
"411"	"VNG1688C"	"VNG1700G"
"412"	"VNG1688C"	"VNG1701G"
"413"	"VNG1688C"	"VNG1702G"
"414"	"VNG1688C"	"VNG1703G"
"415"	"VNG1688C"	"VNG1705G"
"416"	"VNG1688C"	"VNG1706G"
"417"	"VNG1688C"	"VNG1707G"
"418"	"VNG1688C"	"VNG1709G"
"419"	"VNG1688C"	"VNG1711G"
"420"	"VNG1688C"	"VNG1713G"
"421"	"VNG1688C"	"VNG1714G"
"422"	"VNG1688C"	"VNG1715G"
"423"	"VNG1688C"	"VNG1716G"
"424"	"VNG1688C"	"VNG1718G"
"425"	"VNG1688C"	"VNG1719G"
"426"	"VNG1734H"	"VNG1733G"
"427"	"VNG1734H"	"VNG1734H"
"428"	"VNG1755G"	"VNG1754G"
"429"	"VNG1755G"	"VNG1755G"
"430"	"VNG1758H"	"VNG1758H"
"431"	"VNG1758H"	"VNG1759G"
"432"	"VNG1762G"	"VNG1760G"
"433"	"VNG1762G"	"VNG1762G"
"434"	"VNG1765G"	"VNG1764G"
"435"	"VNG1765G"	"VNG1765G"
"436"	"VNG1768G"	"VNG1767G"
"437"	"VNG1768G"	"VNG1768G"
"438"	"VNG1770C"	"VNG1769Cm"
"439"	"VNG1770C"	"VNG1770C"
"440"	"VNG1776G"	"VNG1774G"
"441"	"VNG1776G"	"VNG1775C"
"442"	"VNG1776G"	"VNG1776G"
"443"	"VNG1783H"	"VNG1783H"
"444"	"VNG1783H"	"VNG1785G"
"445"	"VNG1802H"	"VNG1801G"
"446"	"VNG1802H"	"VNG1802H"
"447"	"VNG1821G"	"VNG1820H"
"448"	"VNG1821G"	"VNG1821G"
"449"	"VNG1822G"	"VNG1822G"
"450"	"VNG1822G"	"VNG1823C"
"451"	"VNG1830G"	"VNG1829G"
"452"	"VNG1830G"	"VNG1830G"
"453"	"VNG1839H"	"VNG1837G"
"454"	"VNG1839H"	"VNG1839H"
"455"	"VNG1848H"	"VNG1846C"
"456"	"VNG1848H"	"VNG1848H"
"457"	"VNG1869C"	"VNG1867G"
"458"	"VNG1869C"	"VNG1868G"
"459"	"VNG1869C"	"VNG1869C"
"460"	"VNG1877C"	"VNG1877C"
"461"	"VNG1877C"	"VNG1879G"
"462"	"VNG1882G"	"VNG1882G"
"463"	"VNG1882G"	"VNG1883G"
"464"	"VNG1882G"	"VNG1884G"
"465"	"VNG1893G"	"VNG1893G"
"466"	"VNG1893G"	"VNG1894C"
"467"	"VNG1921H"	"VNG1919H"
"468"	"VNG1921H"	"VNG1921H"
"469"	"VNG1924G"	"VNG1922G"
"470"	"VNG1924G"	"VNG1924G"
"471"	"VNG1933G"	"VNG1933G"
"472"	"VNG1933G"	"VNG1934H"
"473"	"VNG1933G"	"VNG1935C"
"474"	"VNG1943H"	"VNG1942H"
"475"	"VNG1943H"	"VNG1943H"
"476"	"VNG1944C"	"VNG1945G"
"477"	"VNG1944C"	"VNG1944C"
"478"	"VNG1959G"	"VNG1957G"
"479"	"VNG1959G"	"VNG1959G"
"480"	"VNG1967G"	"VNG1965H"
"481"	"VNG1967G"	"VNG1967G"
"482"	"VNG1969G"	"VNG1969G"
"483"	"VNG1969G"	"VNG1971G"
"484"	"VNG1969G"	"VNG1972G"
"485"	"VNG1977H"	"VNG1977H"
"486"	"VNG1977H"	"VNG1978H"
"487"	"VNG1983H"	"VNG1980C"
"488"	"VNG1983H"	"VNG1983H"
"489"	"VNG1982C"	"VNG1982C"
"490"	"VNG1982C"	"VNG1984G"
"491"	"VNG1988G"	"VNG1987G"
"492"	"VNG1988G"	"VNG1988G"
"493"	"VNG1991H"	"VNG1989H"
"494"	"VNG1991H"	"VNG1991H"
"495"	"VNG1992G"	"VNG1992G"
"496"	"VNG1992G"	"VNG1993H"
"497"	"VNG2000G"	"VNG1999H"
"498"	"VNG2000G"	"VNG2000G"
"499"	"VNG2005G"	"VNG2003G"
"500"	"VNG2005G"	"VNG2005G"
"501"	"VNG2008H"	"VNG2006C"
"502"	"VNG2008H"	"VNG2008H"
"503"	"VNG2015C"	"VNG2015C"
"504"	"VNG2015C"	"VNG2017G"
"505"	"VNG2048G"	"VNG2045G"
"506"	"VNG2048G"	"VNG2047G"
"507"	"VNG2048G"	"VNG2048G"
"508"	"VNG2056G"	"VNG2051G"
"509"	"VNG2056G"	"VNG2053G"
"510"	"VNG2056G"	"VNG2054H"
"511"	"VNG2056G"	"VNG2056G"
"512"	"VNG2062G"	"VNG2060G"
"513"	"VNG2062G"	"VNG2062G"
"514"	"VNG2065G"	"VNG2065G"
"515"	"VNG2065G"	"VNG2067H"
"516"	"VNG2073C"	"VNG2071G"
"517"	"VNG2073C"	"VNG2073C"
"518"	"VNG2081H"	"VNG2081H"
"519"	"VNG2081H"	"VNG2081a"
"520"	"VNG2085G"	"VNG2084G"
"521"	"VNG2085G"	"VNG2085G"
"522"	"VNG2099C"	"VNG2098H"
"523"	"VNG2099C"	"VNG2099C"
"524"	"VNG2126C"	"VNG2125Gm"
"525"	"VNG2126C"	"VNG2126C"
"526"	"VNG2135G"	"VNG2133H"
"527"	"VNG2135G"	"VNG2135G"
"528"	"VNG2146H"	"VNG2138G"
"529"	"VNG2146H"	"VNG2139G"
"530"	"VNG2146H"	"VNG2140G"
"531"	"VNG2146H"	"VNG2141G"
"532"	"VNG2146H"	"VNG2142G"
"533"	"VNG2146H"	"VNG2143G"
"534"	"VNG2146H"	"VNG2144G"
"535"	"VNG2146H"	"VNG2146H"
"536"	"VNG2150G"	"VNG2150G"
"537"	"VNG2150G"	"VNG2151G"
"538"	"VNG2160C"	"VNG2160C"
"539"	"VNG2160C"	"VNG2162C"
"540"	"VNG2160C"	"VNG2163H"
"541"	"VNG2182H"	"VNG2182H"
"542"	"VNG2182H"	"VNG2183H"
"543"	"VNG2195G"	"VNG2193Gm"
"544"	"VNG2195G"	"VNG2195G"
"545"	"VNG2199H"	"VNG2199H"
"546"	"VNG2199H"	"VNG2201G"
"547"	"VNG2205H"	"VNG2205H"
"548"	"VNG2205H"	"VNG2206G"
"549"	"VNG2211H"	"VNG2208G"
"550"	"VNG2211H"	"VNG2210G"
"551"	"VNG2211H"	"VNG2211H"
"552"	"VNG2217G"	"VNG2217G"
"553"	"VNG2217G"	"VNG2218G"
"554"	"VNG2217G"	"VNG2219G"
"555"	"VNG2217G"	"VNG2220G"
"556"	"VNG2243G"	"VNG2243G"
"557"	"VNG2243G"	"VNG2244H"
"558"	"VNG2286G"	"VNG2286G"
"559"	"VNG2286G"	"VNG2288G"
"560"	"VNG2286G"	"VNG2289G"
"561"	"VNG2290G"	"VNG2290G"
"562"	"VNG2290G"	"VNG2291G"
"563"	"VNG2299H"	"VNG2299H"
"564"	"VNG2299H"	"VNG2301G"
"565"	"VNG2310H"	"VNG2310H"
"566"	"VNG2310H"	"VNG2311H"
"567"	"VNG2314H"	"VNG2313H"
"568"	"VNG2314H"	"VNG2314H"
"569"	"VNG2316C"	"VNG2316C"
"570"	"VNG2316C"	"VNG2317G"
"571"	"VNG2322G"	"VNG2322G"
"572"	"VNG2322G"	"VNG2323H"
"573"	"VNG2328H"	"VNG2328H"
"574"	"VNG2328H"	"VNG2329C"
"575"	"VNG2330G"	"VNG2330G"
"576"	"VNG2330G"	"VNG2331G"
"577"	"VNG2330G"	"VNG2332G"
"578"	"VNG2339C"	"VNG2338G"
"579"	"VNG2339C"	"VNG2339C"
"580"	"VNG2349G"	"VNG2342H"
"581"	"VNG2349G"	"VNG2343G"
"582"	"VNG2349G"	"VNG2344G"
"583"	"VNG2349G"	"VNG2346G"
"584"	"VNG2349G"	"VNG2347G"
"585"	"VNG2349G"	"VNG2349G"
"586"	"VNG2358G"	"VNG2358G"
"587"	"VNG2358G"	"VNG2359G"
"588"	"VNG2358G"	"VNG2361G"
"589"	"VNG2358G"	"VNG2363Gm"
"590"	"VNG2358G"	"VNG2365G"
"591"	"VNG2368G"	"VNG2368G"
"592"	"VNG2368G"	"VNG2369C"
"593"	"VNG2378G"	"VNG2377G"
"594"	"VNG2378G"	"VNG2378G"
"595"	"VNG2384G"	"VNG2383G"
"596"	"VNG2384G"	"VNG2384G"
"597"	"VNG2395C"	"VNG2395C"
"598"	"VNG2395C"	"VNG2396G"
"599"	"VNG2395C"	"VNG2397G"
"600"	"VNG2408C"	"VNG2406C"
"601"	"VNG2408C"	"VNG2408C"
"602"	"VNG2413H"	"VNG2412H"
"603"	"VNG2413H"	"VNG2413H"
"604"	"VNG2414H"	"VNG2414H"
"605"	"VNG2414H"	"VNG2415H"
"606"	"VNG2420G"	"VNG2420G"
"607"	"VNG2420G"	"VNG2421G"
"608"	"VNG2437G"	"VNG2433H"
"609"	"VNG2437G"	"VNG2436G"
"610"	"VNG2437G"	"VNG2437G"
"611"	"VNG2452C"	"VNG2452C"
"612"	"VNG2452C"	"VNG2454C"
"613"	"VNG2458C"	"VNG2456Cm"
"614"	"VNG2458C"	"VNG2458C"
"615"	"VNG2465C"	"VNG2462G"
"616"	"VNG2465C"	"VNG2465C"
"617"	"VNG2469G"	"VNG2466a"
"618"	"VNG2469G"	"VNG2467G"
"619"	"VNG2469G"	"VNG2469G"
"620"	"VNG2468C"	"VNG2468C"
"621"	"VNG2468C"	"VNG2470C"
"622"	"VNG2474C"	"VNG2474C"
"623"	"VNG2474C"	"VNG2475C"
"624"	"VNG2484G"	"VNG2482G"
"625"	"VNG2484G"	"VNG2483G"
"626"	"VNG2484G"	"VNG2484G"
"627"	"VNG2488C"	"VNG2488C"
"628"	"VNG2488C"	"VNG2490H"
"629"	"VNG2504G"	"VNG2504G"
"630"	"VNG2504G"	"VNG2505G"
"631"	"VNG2523H"	"VNG2522C"
"632"	"VNG2523H"	"VNG2523H"
"633"	"VNG2527G"	"VNG2527G"
"634"	"VNG2527G"	"VNG2529G"
"635"	"VNG2527G"	"VNG2531G"
"636"	"VNG2527G"	"VNG2532H"
"637"	"VNG2536C"	"VNG2533G"
"638"	"VNG2536C"	"VNG2536C"
"639"	"VNG2551G"	"VNG2551G"
"640"	"VNG2551G"	"VNG2552G"
"641"	"VNG2562H"	"VNG2558G"
"642"	"VNG2562H"	"VNG2560G"
"643"	"VNG2562H"	"VNG2562H"
"644"	"VNG2574G"	"VNG2574G"
"645"	"VNG2574G"	"VNG2575G"
"646"	"VNG2576H"	"VNG2576H"
"647"	"VNG2576H"	"VNG2577C"
"648"	"VNG2598G"	"VNG2596G"
"649"	"VNG2598G"	"VNG2597C"
"650"	"VNG2598G"	"VNG2598G"
"651"	"VNG2604Gm"	"VNG2604Gm"
"652"	"VNG2604Gm"	"VNG2606G"
"653"	"VNG2613H"	"VNG2612G"
"654"	"VNG2613H"	"VNG2613H"
"655"	"VNG2620G"	"VNG2620G"
"656"	"VNG2620G"	"VNG2622H"
"657"	"VNG2642H"	"VNG2642H"
"658"	"VNG2642H"	"VNG2643H"
"659"	"VNG2649G"	"VNG2648G"
"660"	"VNG2649G"	"VNG2649G"
"661"	"VNG2658G"	"VNG2657G"
"662"	"VNG2658G"	"VNG2658G"
"663"	"VNG2668G"	"VNG2661G"
"664"	"VNG2668G"	"VNG2662G"
"665"	"VNG2668G"	"VNG2664Gm"
"666"	"VNG2668G"	"VNG2665G"
"667"	"VNG2668G"	"VNG2666G"
"668"	"VNG2668G"	"VNG2668G"
"669"	"VNG7018"	"VNG7015"
"670"	"VNG7018"	"VNG7016"
"671"	"VNG7018"	"VNG7017"
"672"	"VNG7018"	"VNG7018"
"673"	"VNG7022"	"VNG7020"
"674"	"VNG7022"	"VNG7021"
"675"	"VNG7022"	"VNG7022"
"676"	"VNG7026"	"VNG7026"
"677"	"VNG7026"	"VNG7027"
"678"	"VNG7026"	"VNG7028"
"679"	"VNG7039"	"VNG7039"
"680"	"VNG7039"	"VNG7040"
"681"	"VNG7042"	"VNG7041"
"682"	"VNG7042"	"VNG7042"
"683"	"VNG7043"	"VNG7043"
"684"	"VNG7043"	"VNG7044"
"685"	"VNG7046"	"VNG7046"
"686"	"VNG7046"	"VNG7047"
"687"	"VNG7054"	"VNG7054"
"688"	"VNG7054"	"VNG7055"
"689"	"VNG7061"	"VNG7061"
"690"	"VNG7061"	"VNG7062"
"691"	"VNG7065"	"VNG7064"
"692"	"VNG7065"	"VNG7065"
"693"	"VNG7067"	"VNG7066"
"694"	"VNG7067"	"VNG7067"
"695"	"VNG7076"	"VNG7074"
"696"	"VNG7076"	"VNG7075"
"697"	"VNG7076"	"VNG7076"
"698"	"VNG7078"	"VNG7077"
"699"	"VNG7078"	"VNG7078"
"700"	"VNG7082"	"VNG7080"
"701"	"VNG7082"	"VNG7081"
"702"	"VNG7082"	"VNG7082"
"703"	"VNG7087"	"VNG7086"
"704"	"VNG7087"	"VNG7087"
"705"	"VNG7099"	"VNG7099"
"706"	"VNG7099"	"VNG7100"
"707"	"VNG7116"	"VNG7116"
"708"	"VNG7116"	"VNG7117"
"709"	"VNG7124"	"VNG7123"
"710"	"VNG7124"	"VNG7124"
"711"	"VNG7130"	"VNG7130"
"712"	"VNG7130"	"VNG7131"
"713"	"VNG7142"	"VNG7142"
"714"	"VNG7142"	"VNG7143"
"715"	"VNG7144"	"VNG7144"
"716"	"VNG7144"	"VNG7145"
"717"	"VNG7148"	"VNG7147"
"718"	"VNG7148"	"VNG7148"
"719"	"VNG7155"	"VNG7154"
"720"	"VNG7155"	"VNG7155"
"721"	"VNG7166"	"VNG7164"
"722"	"VNG7166"	"VNG7165"
"723"	"VNG7166"	"VNG7166"
"724"	"VNG7167"	"VNG7167"
"725"	"VNG7167"	"VNG7168"
"726"	"VNG7170"	"VNG7169"
"727"	"VNG7170"	"VNG7170"
"728"	"VNG6022G"	"VNG6019G"
"729"	"VNG6022G"	"VNG6020G"
"730"	"VNG6022G"	"VNG6021G"
"731"	"VNG6022G"	"VNG6022G"
"732"	"VNG6026G"	"VNG6024G"
"733"	"VNG6026G"	"VNG6025G"
"734"	"VNG6026G"	"VNG6026G"
"735"	"VNG6031G"	"VNG6031G"
"736"	"VNG6031G"	"VNG6032G"
"737"	"VNG6031G"	"VNG6033G"
"738"	"VNG6053G"	"VNG6053G"
"739"	"VNG6053G"	"VNG6055G"
"740"	"VNG6059C"	"VNG6057C"
"741"	"VNG6059C"	"VNG6059C"
"742"	"VNG6060C"	"VNG6060C"
"743"	"VNG6060C"	"VNG6061H"
"744"	"VNG6060C"	"VNG6062H"
"745"	"VNG6060C"	"VNG6064G"
"746"	"VNG6066C"	"VNG6066C"
"747"	"VNG6066C"	"VNG6068C"
"748"	"VNG6073G"	"VNG6073G"
"749"	"VNG6073G"	"VNG6074G"
"750"	"VNG6082H"	"VNG6082H"
"751"	"VNG6082H"	"VNG6083H"
"752"	"VNG6086G"	"VNG6085H"
"753"	"VNG6086G"	"VNG6086G"
"754"	"VNG6088C"	"VNG6087C"
"755"	"VNG6088C"	"VNG6088C"
"756"	"VNG6102H"	"VNG6099H"
"757"	"VNG6102H"	"VNG6101H"
"758"	"VNG6102H"	"VNG6102H"
"759"	"VNG6105H"	"VNG6103H"
"760"	"VNG6105H"	"VNG6105H"
"761"	"VNG6115H"	"VNG6112H"
"762"	"VNG6115H"	"VNG6113H"
"763"	"VNG6115H"	"VNG6115H"
"764"	"VNG6123G"	"VNG6121H"
"765"	"VNG6123G"	"VNG6123G"
"766"	"VNG6136H"	"VNG6136H"
"767"	"VNG6136H"	"VNG6139G"
"768"	"VNG6136H"	"VNG6140G"
"769"	"VNG6143H"	"VNG6142C"
"770"	"VNG6143H"	"VNG6143H"
"771"	"VNG6145H"	"VNG6144G"
"772"	"VNG6145H"	"VNG6145H"
"773"	"VNG6168H"	"VNG6166H"
"774"	"VNG6168H"	"VNG6168H"
"775"	"VNG6176G"	"VNG6176G"
"776"	"VNG6176G"	"VNG6177G"
"777"	"VNG6176G"	"VNG6178G"
"778"	"VNG6176G"	"VNG6179G"
"779"	"VNG6211G"	"VNG6211G"
"780"	"VNG6211G"	"VNG6212G"
"781"	"VNG6211G"	"VNG6213G"
"782"	"VNG6211G"	"VNG6214G"
"783"	"VNG6211G"	"VNG6216G"
"784"	"VNG6225C"	"VNG6225C"
"785"	"VNG6225C"	"VNG6226H"
"786"	"VNG6233G"	"VNG6230G"
"787"	"VNG6233G"	"VNG6232G"
"788"	"VNG6233G"	"VNG6233G"
"789"	"VNG6242G"	"VNG6242G"
"790"	"VNG6242G"	"VNG6244G"
"791"	"VNG6242G"	"VNG6246G"
"792"	"VNG6265G"	"VNG6262G"
"793"	"VNG6265G"	"VNG6264G"
"794"	"VNG6265G"	"VNG6265G"
"795"	"VNG6268C"	"VNG6268C"
"796"	"VNG6268C"	"VNG6269C"
"797"	"VNG6277G"	"VNG6277G"
"798"	"VNG6277G"	"VNG6279G"
"799"	"VNG6277G"	"VNG6280G"
"800"	"VNG6277G"	"VNG6281G"
"801"	"VNG6284H"	"VNG6283H"
"802"	"VNG6284H"	"VNG6284H"
"803"	"VNG6306C"	"VNG6305C"
"804"	"VNG6306C"	"VNG6306C"
"805"	"VNG6309G"	"VNG6309G"
"806"	"VNG6309G"	"VNG6311G"
"807"	"VNG6337G"	"VNG6335H"
"808"	"VNG6337G"	"VNG6337G"
"809"	"VNG6354G"	"VNG6353H"
"810"	"VNG6354G"	"VNG6354G"
"811"	"VNG6357H"	"VNG6355H"
"812"	"VNG6357H"	"VNG6357H"
"813"	"VNG6381H"	"VNG6379C"
"814"	"VNG6381H"	"VNG6381H"
"815"	"VNG6402H"	"VNG6400H"
"816"	"VNG6402H"	"VNG6401H"
"817"	"VNG6402H"	"VNG6402H"
"818"	"VNG6407H"	"VNG6406H"
"819"	"VNG6407H"	"VNG6407H"
"820"	"VNG6444H"	"VNG6443H"
"821"	"VNG6444H"	"VNG6444H"
"822"	"VNG6453G"	"VNG6452G"
"823"	"VNG6453G"	"VNG6453G"
"824"	"VNG6460C"	"VNG6457C"
"825"	"VNG6460C"	"VNG6460C"
"826"	"VNG6466C"	"VNG6462G"
"827"	"VNG6466C"	"VNG6464H"
"828"	"VNG6466C"	"VNG6465H"
"829"	"VNG6466C"	"VNG6466C"
"830"	"VNG6467C"	"VNG6467C"
"831"	"VNG6467C"	"VNG6469C"
"832"	"VNG6473G"	"VNG6471G"
"833"	"VNG6473G"	"VNG6473G"
